TODAY,today,0.63,1,TRUE,FALSE,TRUE,2
at,at,1,1.33,FALSE,FALSE,FALSE,0
school,school,1.33,1.9,FALSE,FALSE,FALSE,0
UM,UM,2.31,2.82,TRUE,TRUE,FALSE,1
we,we,4.83,4.97,FALSE,FALSE,FALSE,0
went,went,4.97,5.17,FALSE,FALSE,FALSE,0
to,to,5.17,5.28,FALSE,FALSE,FALSE,0
the,the,5.28,5.44,FALSE,FALSE,FALSE,0
computer,computer,5.44,6.18,FALSE,FALSE,FALSE,0
room,room,6.18,6.5,FALSE,FALSE,FALSE,0
and,and,8.2,8.4,FALSE,FALSE,FALSE,0
we,we,8.4,8.54,FALSE,FALSE,FALSE,0
had,had,8.55,8.78,FALSE,FALSE,FALSE,0
to,to,8.78,8.91,FALSE,FALSE,FALSE,0
do,do,8.91,9.17,FALSE,FALSE,FALSE,0
UM,UM,9.22,9.62,TRUE,TRUE,FALSE,1
some,some,9.63,9.92,FALSE,FALSE,FALSE,0
spread,spread,9.929999,10.389999,FALSE,FALSE,FALSE,0
SHEETS,sheets,10.42,11.43,TRUE,FALSE,TRUE,2
stuff,stuff,12.08,12.75,FALSE,FALSE,FALSE,0
WHAT,what,13.57,14.12,TRUE,FALSE,TRUE,2
flavour,<unk>,14.16,14.9,FALSE,FALSE,FALSE,0
no,no,15.259999,15.369999,FALSE,FALSE,FALSE,0
what,what,15.37,15.63,FALSE,FALSE,FALSE,0
UM,UM,16.35,16.68,TRUE,TRUE,FALSE,1
eye,eye,17.15,17.43,FALSE,FALSE,FALSE,0
colour,<unk>,17.449999,18.489999,FALSE,FALSE,FALSE,0
have,have,26.589998,26.619998,FALSE,FALSE,FALSE,0
you,you,26.619999,26.639999,FALSE,FALSE,FALSE,0
got,,26.86,27.22,FALSE,FALSE,FALSE,0
and,,27.22,27.25,FALSE,FALSE,FALSE,0
WHAT,,27.25,27.27,TRUE,FALSE,TRUE,4
WHAT,,27.57,27.95,TRUE,FALSE,TRUE,4
colour,<unk>,27.95,28.29,FALSE,FALSE,FALSE,0
hair,hair,28.29,28.46,FALSE,FALSE,FALSE,0
HOW,how,28.48,28.64,TRUE,FALSE,TRUE,2
many,many,28.69,28.89,FALSE,FALSE,FALSE,0
pets,pets,29.52,30.12,FALSE,FALSE,FALSE,0
have,have,30.12,31.46,FALSE,FALSE,FALSE,0
you,you,31.46,32.74,FALSE,FALSE,FALSE,0
got,got,32.74,32.95,FALSE,FALSE,FALSE,0
And,and,32.95,32.98,FALSE,FALSE,FALSE,0
some,some,33,33.25,FALSE,FALSE,FALSE,0
people,people,33.25,33.85,FALSE,FALSE,FALSE,0
UM,UM,33.88,34.22,TRUE,TRUE,FALSE,1
have,have,34.609999,34.939999,FALSE,FALSE,FALSE,0
about,about,34.940001,35.500001,FALSE,FALSE,FALSE,0
two,two,35.809999,36.139999,FALSE,FALSE,FALSE,0
pets,pets,36.139999,36.849999,FALSE,FALSE,FALSE,0
and,and,37.45,37.58,FALSE,FALSE,FALSE,0
some,some,37.61,37.89,FALSE,FALSE,FALSE,0
of,of,37.89,38.06,FALSE,FALSE,FALSE,0
them,them,38.1,38.27,FALSE,FALSE,FALSE,0
had,had,38.31,38.58,FALSE,FALSE,FALSE,0
one,one,38.79,39.18,FALSE,FALSE,FALSE,0
and,and,39.34,39.82,FALSE,FALSE,FALSE,0
some,some,40.24,40.46,FALSE,FALSE,FALSE,0
of,of,40.46,40.66,FALSE,FALSE,FALSE,0
them,them,40.66,40.9,FALSE,FALSE,FALSE,0
had,had,40.9,41.2,FALSE,FALSE,FALSE,0
none,none,41.2,41.62,FALSE,FALSE,FALSE,0
so,so,42.13,42.31,FALSE,FALSE,FALSE,0
we,we,42.31,42.42,FALSE,FALSE,FALSE,0
just,just,42.42,42.68,FALSE,FALSE,FALSE,0
put,put,42.69,42.95,FALSE,FALSE,FALSE,0
zero,zero,42.95,43.36,FALSE,FALSE,FALSE,0
in,in,43.36,43.47,FALSE,FALSE,FALSE,0
the,the,43.47,43.6,FALSE,FALSE,FALSE,0
sheets,sheets,43.6,44.26,FALSE,FALSE,FALSE,0
Then,then,51.759999,51.999999,FALSE,FALSE,FALSE,0
today,today,52,52.54,FALSE,FALSE,FALSE,0
at,at,52.629999,52.889999,FALSE,FALSE,FALSE,0
school,school,52.889999,53.229999,FALSE,FALSE,FALSE,0
too,too,53.23,53.48,FALSE,FALSE,FALSE,0
i,i,53.48,53.57,FALSE,FALSE,FALSE,0
played,played,53.57,53.97,FALSE,FALSE,FALSE,0
football,football,53.98,54.43,FALSE,FALSE,FALSE,0
too,too,54.43,54.78,FALSE,FALSE,FALSE,0
and,and,56.19,56.65,FALSE,FALSE,FALSE,0
we,we,60.93,60.95,FALSE,FALSE,FALSE,0
was,was,61.12,61.42,FALSE,FALSE,FALSE,0
playing,playing,61.42,61.73,FALSE,FALSE,FALSE,0
versus,versus,61.74,62.2,FALSE,FALSE,FALSE,0
5h,<unk>,62.91,63.22,FALSE,FALSE,TRUE,0
and,and,63.4,63.74,FALSE,FALSE,FALSE,0
it,it,65.9,66.08,FALSE,FALSE,FALSE,0
was,was,66.08,66.29,FALSE,FALSE,FALSE,0
a,a,66.29,66.42,FALSE,FALSE,FALSE,0
draw,draw,66.46,66.78,FALSE,FALSE,FALSE,0
the,the,66.809999,66.949999,FALSE,FALSE,FALSE,0
match,match,66.95,67.54,FALSE,FALSE,FALSE,0
it,it,67.94,68.04,FALSE,FALSE,FALSE,0
was,was,68.04,68.35,FALSE,FALSE,FALSE,0
three,three,68.4,68.76,FALSE,FALSE,FALSE,0
three,three,68.799999,69.219999,FALSE,FALSE,FALSE,0
AND,and,73.32,73.59,TRUE,FALSE,TRUE,2
i,i,73.59,73.7,FALSE,FALSE,FALSE,0
scored,scored,73.7,74.04,FALSE,FALSE,FALSE,0
one,one,74.04,74.37,FALSE,FALSE,FALSE,0
goal,goal,74.38,74.8,FALSE,FALSE,FALSE,0
and,and,75.06,75.31,FALSE,FALSE,FALSE,0
then,then,75.31,75.62,FALSE,FALSE,FALSE,0
UM,UM,75.66,76.04,TRUE,TRUE,FALSE,1
someone,someone,76.05,76.52,FALSE,FALSE,FALSE,0
else,else,76.56,76.82,FALSE,FALSE,FALSE,0
scored,scored,76.83,77.27,FALSE,FALSE,FALSE,0
again,again,77.33,77.76,FALSE,FALSE,FALSE,0
And,and,84.179999,84.389999,FALSE,FALSE,FALSE,0
today,today,84.389999,84.909999,FALSE,FALSE,FALSE,0
UM,UM,84.91,85.16,TRUE,TRUE,FALSE,1
i,i,85.219999,85.289999,FALSE,FALSE,FALSE,0
watched,watched,85.29,85.68,FALSE,FALSE,FALSE,0
POKEMON,<unk>,86.11,86.88,TRUE,FALSE,TRUE,2
on,on,87.28,87.47,FALSE,FALSE,FALSE,0
TV,tv,87.469999,88.149999,TRUE,FALSE,TRUE,2
AND,and,91.879999,91.909999,TRUE,FALSE,TRUE,2
it,it,92.08,92.17,FALSE,FALSE,FALSE,0
was,was,92.17,92.38,FALSE,FALSE,FALSE,0
about,about,92.38,92.78,FALSE,FALSE,FALSE,0
this,this,92.79,93.09,FALSE,FALSE,FALSE,0
boy,boy,93.1,93.64,FALSE,FALSE,FALSE,0
Ash,ash,93.73,94.26,FALSE,FALSE,FALSE,0
and,and,94.63,95.02,FALSE,FALSE,FALSE,0
UM,UM,95.02,95.41,TRUE,TRUE,FALSE,1
this,this,95.42,95.87,FALSE,FALSE,FALSE,0
one,one,95.96,96.28,FALSE,FALSE,FALSE,0
girl,girl,96.3,96.6,FALSE,FALSE,FALSE,0
Misty,misty,96.6,97.21,FALSE,FALSE,FALSE,0
and,and,97.21,97.44,FALSE,FALSE,FALSE,0
Rock,rock,97.44,97.97,FALSE,FALSE,FALSE,0
They,they,99.9,100.02,FALSE,FALSE,FALSE,0
was,was,100.02,100.34,FALSE,FALSE,FALSE,0
going,going,101.45,101.78,FALSE,FALSE,FALSE,0
in,in,101.78,101.94,FALSE,FALSE,FALSE,0
this,this,101.94,102.2,FALSE,FALSE,FALSE,0
adventure,adventure,102.259999,103.059999,FALSE,FALSE,FALSE,0
to,to,103.36,103.52,FALSE,FALSE,FALSE,0
find,find,103.52,103.99,FALSE,FALSE,FALSE,0
UM,UM,103.99,104.43,TRUE,TRUE,FALSE,1
there's,,104.43,104.78,FALSE,FALSE,FALSE,0
one,one,104.78,105.02,FALSE,FALSE,FALSE,0
hundred,hundred,105.02,105.4,FALSE,FALSE,FALSE,0
and,and,105.4,105.43,FALSE,FALSE,FALSE,0
fifty,fifty,105.589999,106.159999,FALSE,FALSE,FALSE,0
Pokemons,<unk>,106.199999,106.799999,FALSE,FALSE,FALSE,0
they,they,106.879999,107.059999,FALSE,FALSE,FALSE,0
have,have,107.07,107.3,FALSE,FALSE,FALSE,0
to,to,107.33,107.46,FALSE,FALSE,FALSE,0
find,find,107.5,108.04,FALSE,FALSE,FALSE,0
found,found,108.6,109.09,FALSE,FALSE,FALSE,0
SO,so,110.55,110.88,TRUE,FALSE,TRUE,2
they,they,112.11,112.26,FALSE,FALSE,FALSE,0
went,went,112.27,112.55,FALSE,FALSE,FALSE,0
to,to,112.55,112.71,FALSE,FALSE,FALSE,0
this,this,112.73,113.11,FALSE,FALSE,FALSE,0
UM,UM,113.11,113.51,TRUE,TRUE,FALSE,1
white,white,113.72,114.19,FALSE,FALSE,FALSE,0
house,house,114.24,114.83,FALSE,FALSE,FALSE,0
AND,and,116.78,117.08,TRUE,FALSE,TRUE,2
you,you,117.08,117.2,FALSE,FALSE,FALSE,0
see,see,117.2,117.41,FALSE,FALSE,FALSE,0
when,when,117.41,117.62,FALSE,FALSE,FALSE,0
they,they,117.62,117.72,FALSE,FALSE,FALSE,0
went,went,117.719999,117.999999,FALSE,FALSE,FALSE,0
inside,inside,118.19,118.55,FALSE,FALSE,FALSE,0
it,it,118.59,118.85,FALSE,FALSE,FALSE,0
they,they,121.02,121.22,FALSE,FALSE,FALSE,0
saw,saw,121.219999,121.479999,FALSE,FALSE,FALSE,0
this,this,121.53,121.82,FALSE,FALSE,FALSE,0
animal,animal,121.9,122.61,FALSE,FALSE,FALSE,0
UM,UM,123.23,123.93,TRUE,TRUE,FALSE,1
i,i,123.94,123.95,FALSE,FALSE,FALSE,0
think,think,124.309999,124.629999,FALSE,FALSE,FALSE,0
it's,it's,124.629999,124.869999,FALSE,FALSE,FALSE,0
UH,uh,124.869999,125.249999,TRUE,TRUE,FALSE,1
it's,it's,126.029999,126.419999,FALSE,FALSE,FALSE,0
a,a,129.43,129.44,FALSE,FALSE,FALSE,0
it's,it's,129.44,129.59,FALSE,FALSE,FALSE,0
a,a,129.59,129.74,FALSE,FALSE,FALSE,0
beetle,beetle,129.78,130.07,FALSE,FALSE,FALSE,0
I,i,130.07,130.08,TRUE,FALSE,TRUE,5
CAN'T,,130.08,131.67,TRUE,FALSE,TRUE,5
I,,131.67,132.95,TRUE,FALSE,TRUE,5
CAN'T,can't,132.95,132.99,TRUE,FALSE,TRUE,5
remember,remember,132.99,133.55,FALSE,FALSE,FALSE,0
and,and,133.92,134.28,FALSE,FALSE,FALSE,0
UM,UM,134.29,134.77,TRUE,TRUE,FALSE,1
and,and,136.09,136.3,FALSE,FALSE,FALSE,0
it,it,136.3,136.42,FALSE,FALSE,FALSE,0
could,could,136.42,136.66,FALSE,FALSE,FALSE,0
talk,talk,136.7,137.25,FALSE,FALSE,FALSE,0
but,but,137.49,137.77,FALSE,FALSE,FALSE,0
it,it,137.83,138.05,FALSE,FALSE,FALSE,0
wasn't,wasn't,138.929999,139.379999,FALSE,FALSE,FALSE,0
a,a,139.38,139.5,FALSE,FALSE,FALSE,0
real,real,139.5,139.84,FALSE,FALSE,FALSE,0
beetle,beetle,139.84,140.42,FALSE,FALSE,FALSE,0
it,it,140.61,140.76,FALSE,FALSE,FALSE,0
was,was,140.759999,140.949999,FALSE,FALSE,FALSE,0
a,a,141.23,141.4,FALSE,FALSE,FALSE,0
boy,boy,141.4,141.74,FALSE,FALSE,FALSE,0
inside,inside,141.74,142.22,FALSE,FALSE,FALSE,0
this,this,142.23,142.48,FALSE,FALSE,FALSE,0
costume,costume,142.539999,143.009999,FALSE,FALSE,FALSE,0
